{"cameraMode":{"drawMode":0,"name":"Shaded","section":"Shading Mode"},"sceneLighting":false,"audioPlay":false,"sceneViewState":{"m_AlwaysRefresh":false,"showFog":true,"showSkybox":false,"showFlares":true,"showImageEffects":true,"showParticleSystems":true,"showVisualEffectGraphs":true,"m_FxEnabled":true},"in2DMode":false,"pivot":{"x":-0.22087261080741883,"y":5.640193939208984,"z":0.016557157039642335},"rotation":{"x":-0.006638482678681612,"y":-0.9933499097824097,"z":0.07794806361198425,"w":-0.08453098684549332},"size":1.6411343812942505,"orthographic":false}