{"cameraMode":{"drawMode":0,"name":"Shaded","section":"Shading Mode"},"sceneLighting":true,"audioPlay":false,"sceneViewState":{"m_AlwaysRefresh":false,"showFog":true,"showSkybox":true,"showFlares":true,"showImageEffects":true,"showParticleSystems":true,"showVisualEffectGraphs":true,"m_FxEnabled":true},"in2DMode":false,"pivot":{"x":-6.853342533111572,"y":9.231335639953614,"z":-10.877304077148438},"rotation":{"x":-0.18517166376113892,"y":0.025642648339271547,"z":-0.004831657279282808,"w":-0.9823658466339111},"size":3.0205612182617189,"orthographic":false}